{
    "grid": {
        "accuracy": 0.964,
        "params": {
            "kernel": [
                "rbf"
            ],
            "C": [
                1,
                10,
                100
            ],
            "gamma": [
                "scale",
                0.1,
                1,
                10,
                100
            ]
        },
        "best_params": {
            "C": 10,
            "gamma": "scale",
            "kernel": "rbf"
        }
    },
    "random": {
        "accuracy": 0.915,
        "params": {
            "kernel": [
                "linear",
                "rbf"
            ],
            "C": [
                1,
                10,
                100,
                1000,
                10000,
                100000,
                1000000,
                10000000,
                100000000,
                1000000000,
                10000000000
            ],
            "gamma": [
                "scale",
                0.1,
                1,
                10,
                100
            ]
        },
        "best_params": {
            "C": 10000000,
            "gamma": 100,
            "kernel": "linear"
        }
    },
    "bayes": {
        "accuracy": 0.964,
        "params": {
            "kernel": [
                "linear",
                "rbf"
            ],
            "C": [
                1,
                10,
                100,
                1000,
                10000,
                100000,
                1000000,
                10000000,
                100000000,
                1000000000,
                10000000000
            ],
            "gamma": [
                "scale",
                0.1,
                1,
                10,
                100
            ]
        },
        "best_params": {
            "C": 100000000,
            "gamma": "scale",
            "kernel": "rbf"
        }
    }
}